CustomerID,FirstName,LastName,Gender,DOB,Address,Phone,Zip
1,Margaret,Hawkins,F,1968-02-29,"6413 Lewis Parks, Wilkersonmouth, KS 18802",884.969.6532,67285
2,Peter,Callahan,F,1975-03-30,"166 Rice Plaza Apt. 184, Danielchester, NH 00926",001-482-814-8932x5288,00575
3,Katherine,Rodriguez,F,1989-01-20,"03911 Cabrera Trace Apt. 278, West Allison, NE 28261",+1-346-578-7133,08893
4,Kevin,Hall,F,1979-05-05,"10518 Joshua Oval, New David, OK 76026",376.311.6566x7010,53273
5,Rebecca,Rodriguez,M,1977-05-23,"62473 Scott Wall Apt. 080, Port Melindaburgh, NM 63593",602.606.4746,91804
6,Whitney,Peters,M,1997-06-22,"09805 Brendan Neck Apt. 081, North Brooke, IA 53424",939-909-1699,69023
7,Dean,Santiago,M,1985-09-26,"47510 Howell Port Apt. 183, Davidstad, CA 32519",(427)849-8084x124,15630
8,Natalie,Moore,M,1983-07-13,"48740 Cynthia Village Suite 005, Lake Tina, WA 58413",+1-680-112-8059,72921
9,Cameron,Parker,M,1967-01-26,"PSC 3315, Box 8692, APO AE 21800",(602)563-4216,05576
10,Courtney,Velasquez,M,1995-09-05,"03654 Tammy Harbors, Darlenefurt, ND 43905",1429401965,95992
11,Jessica,Joyce,F,1972-03-23,"0608 Michael Cliff, Cindyville, ME 66970",656-482-3662x9946,72320
12,Elizabeth,Clark,F,1986-04-14,"387 Donna Haven Suite 134, Port James, AZ 32593",917.693.6763x2016,29184
13,Tyler,Holmes,F,1967-10-10,"2788 Dodson Mills, Rivasside, GA 97973",743.487.3471x4345,42405
14,Angela,Hernandez,M,1990-06-03,"66587 Brown Village, Priceshire, AK 75957",(705)466-8893x7346,64155
15,George,Shelton,F,1991-11-14,"98069 Christopher Meadow Apt. 720, Nicholasborough, MD 44737",001-646-417-0805x31003,26631
16,Lisa,Allen,F,1996-07-31,"4529 Kimberly Estates, Danieltown, OK 89282",(631)931-4919x0586,87207
17,Jonathan,Peterson,M,1992-12-09,"5726 Jessica Run, Christinaside, NJ 61432",(945)314-7379x96507,43101
18,Daniel,Salinas,M,1987-07-08,"083 John Lodge Suite 837, Westtown, LA 29546",(349)578-8568x5574,40690
19,Bryan,Lee,M,1972-06-28,"37498 Hooper Village, West Jeremy, ME 02355",001-824-008-4271x094,62025
20,Glen,Sheppard,M,1981-07-15,"USCGC Wilson, FPO AE 53022",190.229.4131x8699,81558
21,Joseph,Hayes,M,1994-06-25,"9909 Stacey Fords Apt. 412, East Andrea, AL 54046",974.034.4713x493,56224
22,Danny,Hernandez,F,1982-06-07,"24994 Martinez Spurs, Hollyview, ND 65223",190.659.4013x990,88618
23,Laura,Hines,M,1976-04-11,"2967 Theodore Lodge Suite 512, Robertfort, TN 52989",001-807-154-5168x08760,25087
24,Lisa,Jimenez,M,1994-06-08,"8247 Martinez Roads, Lake Eric, AL 72885",(131)712-7484x67737,72756
25,Connor,Greene,F,1973-08-23,"5840 Barber Villages Suite 278, Reedside, ND 49942",533.963.6057x662,65424
26,Beth,Sanford,M,1986-12-12,"87026 Charles Tunnel Suite 596, Port Markside, MD 82656",001-780-913-4316x117,22306
27,Stephanie,Williams,F,1968-03-04,"2386 George Common Suite 937, East Steven, NH 33967",+1-074-821-7594x64743,50923
28,Ashley,James,M,1988-10-12,"64090 Wall Heights Apt. 953, New John, VA 86901",+1-210-470-9521x45623,17823
29,Sherri,Diaz,M,1998-07-03,"PSC 2474, Box 5171, APO AE 99349",685.160.4817,48812
30,Megan,Richards,M,1989-08-20,"0985 Deborah Roads, Blankenshipport, MT 15793",(004)711-3826,59960
31,Travis,Horton,M,1992-11-16,"1796 Johnson Land, South Sean, MN 13523",+1-585-064-3171x39005,32426
32,Rachel,Harris,M,1978-06-14,"2904 Vanessa Plains, Laurenville, AK 17776",5395024026,69456
33,Arthur,West,F,1988-12-28,"8390 Ellis Burgs, South Melaniechester, CT 64761",001-711-592-1249x985,50426
34,Kerry,Chavez,F,1971-02-08,"836 Beasley Loop, Mariafurt, VA 12964",654-527-1111x61528,08362
35,Kristina,Rivera,F,1972-09-03,"049 Bell Ports Apt. 273, West Meganstad, WV 37013",001-368-998-0940,24148
36,Phillip,Dorsey,M,1988-03-29,"612 Christopher Pines, South Robert, GA 49004",599-102-2901x4767,80071
37,Donald,Fischer,F,1972-02-06,"9784 Jeffrey Rapid, North Jamesborough, DC 33992",510-762-2683x8851,52545
38,Amanda,Smith,M,1969-08-27,"664 Richard Islands Apt. 975, South Meganbury, OR 52988",164.535.2181x88355,95840
39,Maria,Hernandez,F,1971-05-09,"92127 Webster Trace, Maldonadoshire, SC 82358",527-177-4490x58147,59734
40,Jacob,Mitchell,F,1970-07-02,"9807 Marc Mountains Apt. 071, Toniland, SD 23118",3778892554,51280
41,George,Harper,F,1987-02-16,"644 Mathew Prairie, West Kyle, UT 87288",(291)486-5281x6850,48027
42,Trevor,Peterson,M,1997-06-12,"14188 Ebony Wells, New Nicholas, HI 91313",001-927-065-3794x73834,61975
43,Cheyenne,Gregory,M,1994-05-04,"8862 Laurie Dam Suite 075, Lake Meghanville, CO 21513",782-613-7506x068,49516
44,Zachary,Brooks,F,1966-04-10,"522 Justin Village, Hortonberg, VT 61988",901.043.2898x614,31648
45,Anthony,Barnes,M,1995-06-18,"808 Jennifer Highway Suite 095, New Robert, TN 11722",518.888.8067x06540,47306
46,Haley,Quinn,F,1971-05-30,"05852 Pollard Neck Apt. 217, West Jamesborough, AZ 41866",868-740-3450x5415,57773
47,Natalie,Kline,M,1990-09-01,"7584 Jessica Common, Morrisonburgh, LA 42602",154-479-6275,59107
48,Sergio,Gomez,F,1993-12-14,"65820 Melinda Springs, Johnsonland, WI 85063",(569)092-7557x192,69898
49,Ernest,Ramirez,M,1972-01-28,"8681 Hampton Squares, Lewisport, NM 26738",217-271-5518,71564
50,Elijah,Moore,M,1976-03-15,"32370 Spencer Land, Laraside, RI 11801",467-866-9125,84693
51,John,Holmes,F,1973-02-01,"68018 Kevin Estates, Sarahbury, NC 37731",438-424-9818,84516
52,Todd,Moore,F,1987-05-01,"10943 Montgomery Burgs, Smallside, SD 40097",364.710.2767x7359,19331
53,Nathan,Gross,M,1987-11-10,"Unit 2588 Box 1537, DPO AE 35559",321.046.9632x595,25382
54,Kathleen,Robertson,F,1998-04-18,"16873 Brandy Causeway Apt. 479, Mitchelltown, CT 56983",(456)506-0983,48017
55,Angel,Gordon,M,1983-05-23,"16558 Fischer Flat, Porterton, DC 94032",787-298-2595x26949,44590
56,Katrina,Burns,F,1984-10-03,"5169 Robles Stream, New Thomasshire, IN 95056",9728962309,92319
57,Albert,Edwards,F,1974-08-29,"8970 April Points, Whitneyfort, MS 41625",(785)854-9733,37070
58,Courtney,Dudley,M,1984-08-10,"757 Castro Underpass, Keithshire, ND 50268",(524)041-5747x3384,74165
59,Breanna,Gilbert,F,1980-08-21,"301 Rivera Mountains, Lake Kellitown, GA 53835",+1-773-454-0193x8026,23541
60,Amanda,Huff,M,1998-01-24,"04991 Mitchell Row Suite 287, Jamesville, GA 96330",420.549.3296x685,11869
61,Brandon,Holden,F,1996-11-05,"46374 Turner Stream, West Desireebury, TN 15996",426.841.4593x327,20579
62,William,Brooks,M,1996-05-24,"91878 Miller Port, North Mariahaven, OK 70842",(258)713-9718,58891
63,Jody,Palmer,F,1995-06-10,"406 Velasquez Summit Apt. 910, Cooperland, AR 09547",046.226.5676x6182,86161
64,Barbara,Haney,F,1991-02-07,"04786 Morrow Gateway, Reedview, VA 15291",6903311907,78853
65,Shelby,Sanchez,M,1967-05-14,"302 Young Street, Barbaramouth, ME 19278",+1-836-440-8926x87056,69243
66,Jason,Hernandez,F,1989-12-21,"34270 Faulkner Point Apt. 634, West Deborah, MN 12620",+1-304-699-0139,95437
67,Claire,Clark,M,1987-01-05,"31739 Randy Garden, Kimberlyfurt, ND 85530",(445)877-1753x556,06493
68,Connie,Thomas,F,1982-02-06,"2353 Hudson Gardens Suite 854, Levyfort, GA 96546",(228)728-0801x006,18522
69,Crystal,Mann,M,1964-12-23,"0997 Smith Place Suite 008, Amandaport, NY 91970",+1-621-182-3398x45461,49397
70,Judy,Sanchez,F,1979-09-22,"016 Bennett Mountains, Lake Albertburgh, NM 57374",+1-591-803-3974x0148,74361
71,Cassie,Jefferson,M,1965-06-03,"USNS Goodwin, FPO AP 52706",429-396-8562,90850
72,Kathryn,Mccann,M,1968-01-04,"59996 Johnson Groves, Henrystad, MS 57104",(961)943-1142,50308
73,Madison,Singh,M,1985-11-27,"47541 Christopher Meadows, Hawkinshaven, CT 03943",581-995-6046,51330
74,Misty,Hansen,F,1980-11-15,"622 Turner Park, North Gary, MT 39790",154.379.9371x2406,44045
75,Jamie,Atkins,M,1994-04-24,"5937 Thompson Locks, Kellyfort, WY 32276",646-519-3982x80737,38686
76,Andrea,Abbott,F,1992-03-13,"434 Jennifer Turnpike, Jonesfort, MO 70541",680.589.1135x29096,99156
77,Robert,Rodriguez,M,1971-01-24,"5679 Michael Burg, Garciachester, CO 15714",001-254-573-8757x1775,09305
78,Robert,Wilson,F,1987-09-14,"382 Mark Meadow, Hallfurt, HI 24931",+1-660-937-9660x3341,76175
79,Shane,Lopez,M,1986-07-16,"7859 Carr Radial, West Michaelmouth, HI 88789",001-499-125-1341x252,67455
80,Kyle,Andrews,M,1993-02-21,"274 Jacob Ville, Harveystad, NM 18396",688.767.6772,11336
81,Rebecca,Walker,F,1966-07-31,"79788 Ashley Grove Suite 807, South Curtis, SD 98981",407.451.7133,97181
82,Heather,Page,M,1993-06-29,"30958 Carlson Extension, Tiffanyport, OK 35542",126.042.2325x36729,83391
83,Jason,Hayes,M,1970-09-09,"577 Perkins Ways Apt. 751, Robinsonchester, IL 65344",545-892-9750x017,02635
84,Scott,Alexander,M,1964-05-26,"Unit 6324 Box 2415, DPO AA 11304",(206)436-1103x712,78315
85,Michael,Smith,M,1987-09-26,"271 Patrick Street Apt. 155, Derrickberg, TX 19225",890-927-5326,81251
86,Shannon,Miller,F,1971-03-12,"656 Moody Gateway, Deannabury, PA 79145",001-940-438-9836x4037,51079
87,Jonathan,Wheeler,M,2000-04-21,"5269 Diaz Springs, Port Thomas, CA 02688",001-104-300-6848,54952
88,James,Davidson,F,1974-09-29,"83285 Willis Track Apt. 463, East Christopherchester, NH 80755",+1-042-102-0275x884,22385
89,Paul,Marks,F,1972-05-22,"6481 Joseph Ports, South Spencerstad, NM 74803",(524)191-3800,02111
90,John,Reyes,M,1974-07-27,"635 Robert Stravenue, Josephland, MN 16151",023.806.1744x51870,48855
91,Justin,Torres,M,1980-11-11,"83206 Jesse Key Apt. 506, Daltonhaven, MT 64992",2410386571,76623
92,Casey,Wilkins,M,1969-06-12,"2344 Howe Lock, Louisview, CA 27070",(912)127-7561,70745
93,Randy,Hayes,M,1995-11-20,"24903 Hernandez Station, West Randy, TX 39670",206-788-3171x210,08584
94,Vickie,Anderson,F,1991-08-13,"941 Wendy Flat, Lambland, MA 16560",7029667066,23151
95,Terry,Hill,F,1994-09-15,"993 Porter Plaza, Brownview, DC 55450",838.065.7875,74642
96,Jasmine,White,M,1986-01-20,"0785 Terri Courts, Lake John, WY 97108",3965223955,78038
97,Michael,Meza,M,1974-01-09,"8427 Christopher Fort, North Alisha, MA 80996",252.500.2921,69483
98,Toni,Brooks,M,1991-04-11,"5226 Banks Extensions Suite 392, Parkerport, HI 96030",9690295939,14146
99,Brenda,Mcgee,M,1980-07-20,"15704 John Cliff Suite 410, South Samuelchester, MT 65130",(586)179-3271x0405,34727
100,Angela,Jackson,M,1989-11-27,"159 Bush Meadows, New Pamela, AR 13773",336-884-4431x06987,20632
101,Aaron,Miller,M,1997-01-15,"24171 Glover Mountains, Jacobsonview, SD 71820",(256)527-0477x4349,08580
102,Michael,Davis,M,1987-10-01,"380 Cardenas Manor Suite 937, Christianton, OK 68241",001-921-722-3320,55993
103,Michael,Harris,F,1974-06-02,"1168 Arnold Walks Suite 870, Rodriguezberg, OK 77562",001-119-148-5646,86325
104,Mr.,Andrew,M,1974-02-22,"65307 Prince Brooks Suite 444, Garrisonville, IN 18115",754-691-3736x7850,68038
105,Ana,Mckinney,M,1991-10-22,"33030 Williams Lake, West Micheal, NY 52529",+1-103-579-7279x8552,34404
106,Melissa,Mitchell,M,1990-08-30,"33468 Michelle Trafficway, South Rhondaburgh, AL 29830",944-665-7437x489,52556
107,Adrienne,Key,M,1989-10-27,"1715 Davidson Wall Suite 443, New Kathy, AR 79148",(520)744-6660x9935,95731
108,Melissa,Little,F,1996-09-23,"PSC 5842, Box 8241, APO AA 17270",001-482-513-5346x5549,39042
109,Bruce,Brown,M,1969-03-15,"168 Gutierrez Ways, East Victoria, MT 75133",252.175.2500x743,22600
110,Brooke,Glover,M,1970-05-07,"666 Reyes Camp Apt. 505, North Erica, VA 33114",542.168.9421,06493
111,Earl,Luna,M,2000-01-09,"7532 Smith Fork, East Jessica, NY 22650",506-489-0901,86165
112,Amber,Wilson,F,1994-08-04,"2304 Stanley Shore Suite 992, Rivasville, VA 81463",411-739-3483,47414
113,Elizabeth,Williams,F,1998-02-17,"PSC 7530, Box 0119, APO AP 65264",(181)143-7447,07065
114,Christopher,Williams,M,1984-02-17,"1100 Elizabeth Extension Suite 579, Natalieland, MA 24470",667-467-6212,91749
115,Vicki,Richard,F,1971-05-31,"729 Maxwell Ridge Apt. 277, South Scottland, SD 41688",8993588916,87233
116,Karen,Alvarado,F,1990-07-19,"28772 Karen Islands, West Tara, NY 29691",+1-663-177-9717,59099
117,William,Mcgee,F,1965-07-25,"88019 Wu Points Apt. 755, Port Jeffreymouth, OH 81733",+1-757-113-0554x885,92526
118,Steven,Vasquez,M,1992-03-14,"16373 Rodriguez Mall, Lake Maryshire, WI 59549",982.708.0869x782,91178
119,Monica,Anderson,M,1990-09-20,"669 Joshua Junctions Suite 722, Morrisonhaven, UT 72303",833-394-5228x85158,63464
120,Terri,Mckinney,M,1983-10-24,"81062 Ellen Flats Suite 244, Port Bryan, LA 27239",001-805-719-8386x38406,51298
121,Richard,Jennings,F,1968-01-07,"97359 Kimberly Fields Suite 721, East Jill, MS 05827",(484)229-4057x20259,07166
122,Lori,Cameron,M,1984-11-06,"58328 Kristie Estate Suite 886, West Jeffreyborough, MA 43894",(439)878-0157x399,32459
123,Melanie,Flores,M,1972-01-26,"85887 Williams Run Apt. 581, East Teresaside, AL 82674",336-138-6120,60692
124,Amanda,Jones,M,1976-06-20,"346 Hayes Lodge, Stewartfurt, DE 70602",9190158144,80004
125,Preston,Kim,M,1991-03-30,"2832 Robles Vista, Susanberg, TX 96095",+1-508-821-0099x6881,40437
126,Patrick,Swanson,F,1978-10-06,"23943 Howard Union, Port Karenside, SD 72546",414-139-7552,88489
127,Ariel,Harvey,M,1977-07-10,"9492 Aguirre Meadow Apt. 053, Lake Jodi, KY 47619",(577)754-7812,85114
128,Sarah,Trevino,F,1973-11-18,"1108 Lisa Prairie, Hammondborough, AZ 72799",887-256-3942x788,12370
129,Jonathan,Bates,M,1975-08-23,"2299 Jill Orchard, Billyfort, CA 35150",(303)856-7700x518,83543
130,Sandy,Baker,M,1976-03-09,"9184 Kaufman Fork Suite 557, Eatontown, DC 58159",(318)432-2259,94519
131,Mary,Perry,M,1986-10-29,"773 Deborah Loop Apt. 302, East Crystal, OK 19750",2428699041,28890
132,Willie,Dillon,M,1975-12-18,"292 Jackson Spur Suite 799, East Nicholasberg, AK 27023",862.912.7990x88117,86928
133,Larry,Carey,M,1993-09-19,"86376 Chapman Streets Apt. 624, Cannonland, PA 71768",(430)098-1806x35651,20788
134,Kevin,Green,F,1993-03-06,"636 White Points Suite 449, Kimfurt, DC 86914",372-138-6589,91865
135,Amy,Price,F,1964-09-18,"9611 Walker Common, Lake Patrickfurt, SD 68790",902-770-3843x0988,92048
136,Christopher,Johnson,M,1980-08-20,"46566 April Street, North Andreaside, OR 46126",(439)376-9042x681,73721
137,Edward,Arroyo,F,1999-04-14,"USNV Benson, FPO AA 74316",357.790.7141x6335,54558
138,Kelli,Smith,F,1982-04-11,"5182 Edwards Forge, Ianborough, WA 26671",343.333.9521,16213
139,Megan,Alvarado,M,1964-10-21,"5957 Henry Track, Raymondshire, AR 69410",(780)856-2718x75003,50233
140,Erika,Salazar,F,1982-01-10,"47955 Victor Fords Suite 556, Shannonshire, OK 90417",143.866.3227,01777
141,Jonathan,Cowan,M,1999-07-16,"4489 Raymond Spurs Apt. 034, Combsville, WA 44365",558-845-0615x939,75984
142,Kimberly,Krause,F,1983-09-21,"716 Ford Drive Apt. 569, Sweeneyland, GA 45540",554.496.4759,68781
143,Jennifer,White,M,1965-12-05,"413 Randy Court, South Amytown, MO 69180",001-114-921-6433x47228,22862
144,Matthew,Dalton,M,1986-06-26,"487 Tara Square Apt. 997, Millsside, MI 63632",+1-317-456-4240,00513
145,Olivia,Taylor,M,1983-11-14,"774 Katie Union, Carlatown, MN 25217",(866)326-6341x63894,37814
146,Kim,Adams,M,1977-02-23,"41797 Graves Overpass, West Andrew, ND 03401",(144)270-3120,65195
147,Jason,Floyd,F,1998-04-09,"Unit 7051 Box 2046, DPO AE 71698",234.601.3673x0371,68807
148,Christine,Price,F,1985-08-05,"USNS Soto, FPO AE 98113",+1-814-743-5031,31429
149,Erika,Jackson,M,1983-02-22,"00979 Nathan Corners Apt. 271, Sarahton, MI 84986",(812)735-8573,03299
150,Heather,Taylor,F,1967-01-16,"487 Ashley Plains Suite 574, North Amanda, LA 35018",+1-570-862-0959,31799
151,Arthur,Coffey,M,1990-09-22,"294 Ortiz Islands Apt. 181, Port Sharonburgh, AZ 26987",731-096-7899,34047
152,Daniel,Robbins,F,1965-03-31,"USNS Rios, FPO AE 61850",+1-058-650-9480x1413,68590
153,Neil,Schmidt,M,1977-04-01,"288 Reese Trafficway, Emilychester, CT 22365",(868)528-9755,72601
154,Erika,Watson,M,1993-08-28,"398 Nicholas Plaza Suite 577, Smithton, PA 02637",240.433.5048x88992,12859
155,Henry,Taylor,M,1989-05-02,"44196 Jessica Stream, Lauraburgh, UT 92624",001-194-096-1055,57426
156,Sean,Kane,M,1979-10-14,"604 Luis Port, West Wayne, FL 07122",+1-679-981-3646x22517,75400
157,Kimberly,Baker,F,1991-06-23,"78376 Ann Street, East Charles, NE 42891",+1-911-665-5355x90425,81270
158,Rebekah,Hanson,F,1994-04-30,"52110 Stacy Drive, Alexanderville, NV 62260",5383388487,82164
159,Brenda,Hale,M,1965-08-10,"2043 Brown Shoal, North Paulview, TN 47715",046-368-1579,70173
160,Cristian,Rasmussen,F,1965-10-26,"7620 Sutton Knoll Suite 384, Lake Jonathanfurt, AK 73238",325-621-6893x639,20522
161,Erik,Jacobs,M,1994-12-03,"298 Michelle Inlet, South Wendy, FL 86514",001-251-881-2520,42272
162,Jennifer,Jenkins,F,1994-07-02,"31220 Obrien Ridge Apt. 933, West Christopherfort, NY 79761",526.772.2330x6046,29671
163,Virginia,Todd,F,1968-11-08,"757 Ronald Trail Apt. 965, Carrshire, ND 69344",+1-081-770-3886x0868,83161
164,Cheryl,Gonzales,F,1985-01-29,"2649 Hannah Divide Suite 718, East Kimberlyside, MO 54707",702-793-7145x21117,83610
165,Joseph,Cruz,M,1999-03-05,"8602 Cunningham Shoals, East Misty, WI 93830",6447421230,82101
166,Alexandria,Jimenez,F,1998-04-15,"733 Chavez Mills, New Carolbury, OH 36953",+1-830-220-5020x994,43900
167,Amber,Butler,F,1976-06-26,"998 Tammy Summit Suite 014, Miguelfurt, CA 99911",(814)721-4586x83390,14827
168,Veronica,Rice,F,1970-04-28,"9548 Ho Ridges Suite 877, New Jesse, ID 00708",071-396-6055,73955
169,Christy,Davidson,F,1983-07-09,"4885 Daniel Isle, Randyshire, AK 23521",557.702.7278,44424
170,Robert,Reilly,M,1968-03-02,"588 Jared Spur Suite 512, Marymouth, SC 70529",(996)291-4504,54747
171,Shawn,Watson,M,1984-12-12,"15031 Hunter Union Suite 823, Sandrahaven, WI 43405",(182)307-6810,41261
172,Melissa,Wheeler,M,1970-04-13,"84094 Manuel Fields, Joshuamouth, NV 88466",422-410-9881,27577
173,Kirsten,Nelson,M,1983-08-19,"49587 David Mountains, North Patrickland, MO 23960",001-997-954-5381x792,12679
174,Tamara,Mcdonald,F,1995-05-11,"3329 Durham Lock Apt. 557, Johnsonfort, MI 63238",245.992.8161x581,40100
175,Jennifer,Gutierrez,M,1980-12-08,"1539 Mueller Mews Suite 832, Lake Sarahshire, NM 15485",001-975-817-2461,78916
176,Robert,Wise,F,1990-02-20,"32902 Shawn Highway, Gilbertmouth, IL 89828",494-651-9098x62405,72444
177,April,Castro,F,1988-10-20,"36965 Sullivan Mews Apt. 272, New Patrick, MT 20721",220-102-7621x2679,56298
178,Jordan,Coleman,F,1994-12-24,"69097 Jennifer Grove, Houseshire, AZ 05464",001-751-971-2847,68258
179,Steve,Davis,M,1996-07-03,"894 Rebecca Place, South Shawnfort, VA 43953",(544)209-4940x79290,86526
180,Rhonda,Weber,M,1969-12-20,"4294 Hodge Bridge, New Gregshire, FL 86897",524.372.8051x292,65505
181,Jennifer,Reyes,F,1994-04-23,"95041 Gary Locks, Turnerside, MS 90090",001-674-286-0476x580,13262
182,Marcia,Blanchard,F,1993-09-27,"4414 Murray Spring Apt. 938, Ericaburgh, OH 01887",+1-010-618-1753x44300,81686
183,Todd,Douglas,M,1979-02-10,"USS Erickson, FPO AE 11823",+1-269-212-4471x746,91231
184,Patricia,Morris,M,1975-05-18,"66504 Thompson Cliff Suite 396, Lake Travis, ND 57026",917.410.1194,58943
185,Jonathan,Delgado,F,1964-05-31,"USCGC Adams, FPO AP 43732",(908)776-6183x0671,74850
186,Wendy,Cook,M,1984-12-17,"8517 Holland Fall, South Donnaport, MS 14495",+1-571-732-0309x3761,71352
187,Kathryn,Hanna,M,1994-12-06,"Unit 0050 Box 5061, DPO AE 86202",+1-878-293-1027x07903,92421
188,Alexis,Chen,F,1985-04-08,"9291 Danny Ranch, North Linda, MA 97222",+1-651-982-5309x25114,19013
189,Carol,Wood,F,1975-08-02,"19620 Miller Avenue, North Jasmine, LA 55056",001-723-248-7632x909,24094
190,Lisa,Miller,F,1984-11-07,"331 Christine Wall, South Kaylee, IL 36732",3127722005,37864
191,David,Jensen,F,1995-03-12,"220 Robertson Cliffs, Lake Sean, MD 55428",531.531.3636,29423
192,Kevin,Brown,F,1994-01-06,"65273 Cantrell Flats Suite 209, West Derekmouth, MT 22940",001-534-929-2983x16873,78040
193,Joel,Smith,F,1993-06-27,"56939 Robin Avenue, Bairdton, VA 66589",6867177318,99208
194,Nicholas,Dodson,F,1973-05-21,"107 Martin Mount, South Stevenberg, VT 53632",(570)165-8046,99183
195,Tracy,Daniels,F,1978-06-14,"508 Barron Creek, Diazton, MN 23473",+1-818-325-3817x9335,46731
196,Kathy,Henderson,M,1968-01-23,"7881 Mckinney Springs Suite 795, East Patriciamouth, CO 51708",(411)241-2723,68748
197,Alison,Butler,M,1973-05-04,"0431 Monica Fort Suite 695, Toddhaven, OH 58861",492.424.3754x025,37775
198,Christopher,Glass,F,1983-10-07,"223 Blake Island, South Jorge, IL 74227",001-055-257-8284x106,65960
199,Theresa,Reilly,F,1974-12-22,"474 Lauren Stream Suite 517, East Ericaville, AK 53143",+1-375-150-9398x343,03456
200,Samuel,Rhodes,F,1970-04-20,"Unit 6375 Box 9980, DPO AP 47826",(265)650-4554x7813,95902
201,Natalie,Perry,F,1994-06-20,"629 Douglas Hollow Suite 851, Davischester, KY 54832",(879)232-6487,06036
202,Elizabeth,Richards,M,1997-12-23,"00244 Martinez Shores Suite 627, North David, NM 09246",+1-597-964-7158x904,21845
203,Brianna,Murray,F,1973-07-29,"5650 Carter Route, New Jamesburgh, CT 78981",001-285-544-5189x52028,37386
204,John,Peterson,M,1975-06-14,"338 Robert Club, Port Davidtown, MI 41339",001-527-985-2401x322,90684
205,Calvin,Anderson,F,1969-09-14,"07603 Antonio Shoals, South Davidview, CA 40038",+1-011-939-3250x12495,46664
206,Jonathan,Chandler,M,1980-10-23,"90833 Jackson Throughway, Lake Coreyborough, NY 93268",592.712.5663x8361,41694
207,Brian,Taylor,M,1988-12-08,"57164 Burke Inlet, Perezchester, NE 25245",752-071-6781,16127
208,James,Garza,M,1971-04-12,"53539 Martinez Villages, Hardyview, VT 76774",001-465-796-7842,60090
209,David,Crawford,F,1973-07-07,"70269 Hernandez Road, Port Charleshaven, NM 61583",477.848.5880,04642
210,Sheryl,Wilson,M,1989-12-18,"28427 Taylor Stravenue, Freemanville, TX 64798",+1-889-778-2806x47969,89169
211,William,Flores,M,1966-04-09,"5905 Davis Key, Robertton, IA 32956",491.141.5208,43245
212,Matthew,Henderson,M,1999-05-21,"PSC 4079, Box 0569, APO AA 42761",001-171-357-8529,39759
213,Jeffrey,Crawford,F,1969-06-25,"4049 Ballard Road, Lake Meganville, MA 36331",987-635-1484,57243
214,Emily,Perry,F,1981-06-15,"820 Barbara Forest Suite 489, Michaelton, ID 48247",232.466.5136x442,34113
215,Cynthia,Allen,M,1974-07-24,"7786 Lucas Camp, East Joseph, KS 36909",+1-820-700-1594x16516,95427
216,Cynthia,Duncan,M,1998-05-25,"USNV Crawford, FPO AE 31706",+1-155-963-6321x234,58103
217,Scott,Brown,M,1989-11-08,"8673 Suarez Drive, Thomasstad, ME 03263",+1-900-348-6451x8376,01532
218,Jenna,Spence,F,1981-09-29,"3275 Mccormick Harbor, Port Kimberlyfort, WA 54628",612-481-5698x57002,83096
219,Martin,Smith,F,1977-12-20,"112 Zachary Trafficway Apt. 965, Mendozaberg, HI 90608",001-543-165-2669,29924
220,Alexander,Hansen,M,1979-12-02,"PSC 7342, Box 0696, APO AP 34600",(152)910-8677,16034
221,Dale,Shah,F,1982-06-21,"2639 Wanda Haven Apt. 626, North Kelly, IA 81461",359.710.7256x366,96983
222,Angel,Hawkins,F,1967-11-26,"5990 Jon River, Turnerfurt, MN 17833",+1-092-428-7572,12251
223,Joseph,Thomas,M,1972-04-22,"4564 Austin Trace, Zacharychester, GA 41859",001-728-703-2032x0742,93032
224,Brian,Woodard,F,1998-01-13,"877 Rodriguez Stravenue Apt. 151, Port Justin, GA 98796",499.390.8926x13715,03903
225,William,Martinez,M,1989-10-10,"2017 Gibson Grove, West Taramouth, VA 96749",001-230-450-1896,12631
226,Christopher,Hanna,M,1991-07-03,"66421 Henry Meadows, Rebeccaberg, TN 13098",(837)767-4996x165,80961
227,Mark,Davis,M,1999-04-16,"327 Kelly Mews Apt. 742, Lake Rebecca, IA 69063",(490)810-8186x61794,47091
228,Brad,Gordon,M,1972-02-09,"26016 Edwards Stream Suite 794, Tammyburgh, HI 10753",001-941-680-0610x2776,86709
229,Lindsay,Tucker,M,1988-11-25,"1220 Daniel Brook Apt. 037, Lake John, SC 71094",147.276.0122,97334
230,Tracey,Ruiz,M,1994-12-11,"9605 Curtis Vista, Pettyfort, OR 78598",001-840-767-8997x3080,55813
231,Kristen,Adams,M,1992-09-28,"9576 Evan Stream, South Maurice, NY 29297",001-597-246-6572,82007
232,Michael,Miller,F,1997-03-20,"97167 Young Point, North Michaelview, TX 21289",(801)561-9318,29873
233,Dr.,Richard,M,1982-07-23,"PSC 8910, Box 7711, APO AP 80409",808-121-3524,93321
234,Jonathan,Oconnor,F,1971-02-10,"2137 Hammond Avenue Apt. 754, North Joseph, WV 54897",(328)632-6667x850,58510
235,Adam,Drake,F,1969-02-02,"2606 Donna Row Apt. 908, Robertside, ME 95076",001-550-489-2673x8997,91919
236,Robert,Wong,M,1977-10-12,"85628 Lewis Pass, Adrienneburgh, AK 71271",001-434-681-0548,46962
237,Peter,Pugh,M,1994-11-22,"5399 Michael Haven, Lake Nicholas, IA 14293",893-571-2661x10627,28653
238,Jacob,Fox,M,1999-09-02,"767 Dennis Mall Apt. 282, Dawsonberg, NY 69856",377-028-5196,14962
239,Kenneth,Williams,F,1974-10-15,"4470 Douglas Radial Suite 044, East Lori, AL 16534",+1-510-679-4975,49955
240,Nathan,Obrien,M,1973-10-12,"7251 Hughes Locks Suite 807, Debbieburgh, AK 75473",+1-481-813-9890x9837,66382
241,Barbara,Mayer,M,1976-08-02,"USNV Buchanan, FPO AE 92987",001-718-956-9070,45059
242,Jason,Heath,M,1985-12-14,"18242 Jonathan Corners, West Stephanie, GA 08222",+1-520-046-1526x546,16356
243,David,Harper,F,1980-06-13,"40578 Jones Burgs Suite 304, East Kathrynberg, OK 53814",183.258.2386x870,00632
244,Tonya,Oliver,M,1975-09-30,"9465 Brenda Pass Suite 028, West Christopherville, DC 95537",+1-463-985-5474,32735
245,Erica,Clark,M,1986-09-15,"097 Rachel Spring, South Angela, VT 64592",001-681-180-7156x95620,16854
246,Timothy,Wallace,M,1979-06-06,"531 Stokes Forges Apt. 750, Trevorborough, ID 84182",(149)872-8399x9219,17310
247,Bethany,Mahoney,M,1979-11-14,"08948 Smith Meadow Apt. 566, Davidhaven, NM 47879",030.468.7506x35190,97159
248,Michael,Rosario,M,1981-05-14,"1107 Morton Ramp Suite 431, Allenmouth, AR 44225",319.971.7911x00651,17217
249,Robert,Brown,F,1993-09-28,"046 Davis Terrace, Halltown, MS 61345",(991)507-8593x11091,78211
250,Cheryl,Berry,M,1998-12-26,"9723 Laura Circle Apt. 496, Larryside, FL 19822",495.450.8920x3880,55821
251,William,Davidson,M,1978-01-19,"77959 Jensen Manor Suite 217, South Jeffreytown, IN 91362",793.375.6362,01382
252,Benjamin,Johnson,F,1972-03-12,"95003 Justin Forges Suite 258, East James, KS 13764",2615347355,87127
253,Joseph,Lloyd,M,1993-11-14,"22338 Benson Island, Rowlandbury, AZ 81245",001-384-253-0428,77057
254,Christine,Miller,F,1996-05-20,"86857 White Station, Aliciafort, NM 62597",969-033-3736x346,49926
255,Taylor,Brooks,F,1970-02-14,"7853 Steven Road, Ronaldmouth, MT 48671",546.027.3415x1488,72151
256,Rachel,House,F,1971-01-19,"83535 Turner Via Suite 392, Alanport, MI 53429",(907)826-3337x3898,99803
257,Robert,Peterson,F,1970-03-14,"6377 Nicholas Ports, West Sherry, NM 86857",(536)668-4590x902,20645
258,Wendy,Carroll,F,1990-12-15,"Unit 3618 Box 6371, DPO AA 75148",412.182.0970x231,51080
259,David,Keller,M,1969-02-12,"025 Myers Creek Apt. 867, South Stephanieborough, IL 41101",(729)949-3874x30271,52829
260,Danielle,Murphy,F,1997-10-06,"147 Graves Station, Peterburgh, IA 24038",+1-676-291-6032x484,87881
261,Melissa,Bowen,M,1979-02-20,"PSC 6815, Box 1185, APO AA 59606",(438)070-1765,98275
262,Cory,Johnson,M,1981-05-29,"7771 Amy Gardens, Taylorview, GA 22860",9124186210,89286
263,Jeremiah,Thompson,M,1966-09-13,"0816 Wallace Rapid, North Kelseyborough, MN 31766",106.005.3131,87547
264,Christopher,Perry,M,1971-09-07,"393 Mcmillan Crest Apt. 315, Glennfurt, MD 02071",(373)149-5013x6497,13845
265,Raven,Nielsen,M,1976-01-09,"562 Thompson Trace, Tiffanyfort, MA 02814",+1-976-838-9030x914,31485
266,Nicole,Harvey,M,1968-06-07,"3263 John Stream Suite 524, Dawnton, WY 54881",+1-403-553-3803x3968,42658
267,Mark,Brown,M,1997-10-23,"23212 Joel Common, Hardyport, VA 26392",629.344.9734,63569
268,William,Sanders,F,1975-10-09,"962 Smith Light Suite 149, New Jessica, MS 61272",746-897-1527x3230,02183
269,Monica,Brooks,F,1991-11-20,"PSC 6567, Box 4916, APO AE 16816",(923)645-8750x6633,63117
270,Robert,Mccoy,F,1966-04-12,"9724 Carrie Shore, North Darryl, SD 93773",(691)836-2644x8869,40868
271,Nicole,Glass,F,1970-05-27,"43640 Lisa Alley Apt. 168, Penachester, HI 49607",(237)281-7932,26838
272,Clayton,Malone,F,1982-01-02,"Unit 6791 Box 2141, DPO AA 16843",150-937-7100x409,05987
273,Joseph,Smith,M,1999-09-30,"Unit 4775 Box 9655, DPO AP 45468",356-690-5510x76209,16609
274,Diana,Lyons,F,1981-04-08,"630 Smith Lake Apt. 573, Rossland, NE 62907",+1-164-932-8980x27148,61685
275,Jeremy,Wilson,M,1980-09-30,"116 Ethan Islands, Mirandabury, KS 87786",128.715.3991x5668,57774
276,Courtney,Wilson,F,1970-04-28,"931 Anderson Island Suite 904, New Amandafurt, MD 48345",+1-289-931-6087x52437,89627
277,Kyle,Thomas,M,1966-09-10,"149 Welch Forge Suite 460, Ericborough, VA 30001",001-027-642-0865x675,99816
278,Benjamin,Acosta,F,1983-07-28,"861 Marcus Turnpike, Port Sarahport, SD 21956",001-277-423-3305,95653
279,Ashley,Floyd,M,1974-05-26,"201 Mccann Fall Apt. 185, Bookerfurt, AZ 16072",674.926.1764,83382
280,Holly,Wilson,M,1969-12-23,"99974 Laura Falls, Washingtonchester, OK 16915",518-260-6888,64537
281,Ryan,Ryan,F,1972-10-19,"129 Adam Mission, Davidberg, IL 86043",(184)011-8458,22993
282,Tony,Smith,M,1984-10-23,"872 Neal Pike Suite 988, Lake Corey, AZ 31578",3243298395,36859
283,Marcus,Jones,M,1981-09-15,"7146 Amanda Cliffs, Wandaborough, MN 74378",+1-892-625-6609x31418,14917
284,Jennifer,Murphy,F,1970-05-30,"2340 Nicholas Forges Suite 112, Briannafort, NC 46232",001-948-491-0256x258,72809
285,Sarah,Woods,M,1973-01-13,"226 Brown Stream, Jasminebury, PA 55321",001-727-578-4468x341,40564
286,Erik,Davis,M,1969-10-06,"29014 Stokes Branch, Rhodesberg, NM 68004",+1-816-093-0685x38909,59306
287,Megan,Macias,F,1999-12-25,"PSC 2152, Box 8506, APO AA 50189",(515)381-4474,35202
288,Oscar,Carroll,F,1979-02-26,"PSC 8079, Box 7050, APO AP 60840",451-052-6501x67318,67913
289,Jennifer,Gentry,F,1964-10-28,"76545 Mcclain Plain Suite 177, East Michael, AL 47586",001-313-402-6650x237,87695
290,Mrs.,Katherine,F,1973-01-10,"621 Laura Crossroad Apt. 580, North Erika, NE 78762",001-067-447-1639x2823,37350
291,Sharon,Gamble,F,1981-03-10,"71892 Victoria Ramp Apt. 312, Johnsonborough, NE 02815",+1-310-668-4335x670,67329
292,Anthony,Rodriguez,M,1989-02-04,"635 Hunter Alley Apt. 534, Ramirezville, HI 33565",554.110.8255x5989,49206
293,Donald,Silva,M,1970-04-17,"910 James Mission, North Shellymouth, VA 62655",001-382-023-6848x55716,09375
294,Mr.,Troy,F,1975-09-19,"0903 Simpson Place, East Samuelhaven, OH 51651",(943)202-9390x8788,34426
295,Daniel,Erickson,F,1972-06-17,"340 Sheri Harbors, West Morgan, SD 33138",810.595.5184,95145
296,Steven,Phillips,M,1968-04-02,"3424 Amanda Ways, Lake Juliefurt, KS 82582",+1-983-735-4396x2736,48819
297,John,Crawford,F,1995-08-14,"97240 Martin Fall, Mcdanielborough, FL 09944",(376)182-0916x60100,17825
298,Bradley,Thomas,M,1965-04-10,"85132 Malone Mills, West Martin, IA 07824",+1-481-001-8418,54933
299,Thomas,Johnson,M,1993-06-03,"436 Travis Creek Apt. 145, New Matthewstad, CO 06182",+1-226-859-2624x945,14122
300,Jonathan,Wood,M,1982-06-01,"22526 Griffith Turnpike, Briggsville, NE 95752",215-226-5576x769,83941
301,Robert,Valdez,F,1981-02-02,"878 Patrick Prairie Suite 893, East Michaelborough, AK 48001",+1-721-055-2472,72787
302,Susan,Sanchez,F,1979-08-22,"26065 Jacqueline Shore, South Maryburgh, FL 48374",(131)096-2272,98556
303,Tiffany,Harrison,M,1987-04-24,"1200 Wesley Branch, Wallmouth, VT 34324",001-843-624-1862,97905
304,Manuel,Robinson,M,1976-11-08,"775 Wilcox Expressway, Port Nathanchester, KY 14709",159-503-4281,09062
305,Adam,Browning,F,1977-02-17,"41990 Williams Island, West Alanstad, LA 52685",356.521.5681x82096,63016
306,Sarah,Roberts,M,1974-09-01,"133 Kayla Estates, Sethberg, LA 47728",+1-606-339-9129x710,19194
307,Emily,Dillon,M,1970-04-15,"2421 Ray Knoll Apt. 127, Valerieview, NV 85736",(197)054-6692,58281
308,Ryan,Crane,M,1989-10-13,"740 Joyce Gardens Apt. 214, Moorefurt, CA 29736",(715)778-7112x1663,53129
309,Evan,Davies,M,1997-06-12,"47082 Thomas Forest Suite 909, Brownstad, NE 62551",030.644.2121,36402
310,Edwin,Joseph,M,1992-12-01,"01654 James Manor Suite 782, Gomezshire, AL 74020",+1-319-925-5027x275,15391
311,Megan,Baker,F,1964-08-09,"Unit 2791 Box 0336, DPO AP 72077",001-296-353-3905x50448,16851
312,Mariah,Bryant,M,1992-04-13,"512 Patterson Fall Apt. 866, Meganchester, LA 92525",+1-111-109-6179x817,66477
313,Amanda,Roberts,M,1992-12-24,"613 Sampson Keys Suite 660, Kimberlyhaven, KY 86835",463-060-0025x895,44421
314,Kenneth,Jordan,M,1990-12-27,"96262 Strong Path Apt. 631, New David, WY 51882",001-482-531-1060x92098,10825
315,Allison,Gross,M,1995-03-25,"33438 Jessica Valley Suite 404, East Courtneyshire, CT 15041",911.244.2117x536,13696
316,Alex,Jones,F,1969-07-19,"5722 Smith Fall Apt. 155, Cooleyside, GA 68887",001-413-908-0882x3513,04367
317,Daniel,Luna,M,1972-12-20,"15847 Graham Locks Apt. 423, Suzanneville, WY 77516",237-676-9459x1966,26678
318,Jacqueline,Chen,M,1968-09-23,"496 Munoz Wells, Raymondville, MD 56781",(531)355-2510,42259
319,Michelle,Lewis,F,1986-03-28,"PSC 8164, Box 9383, APO AE 74026",919-665-5330x770,36469
320,Caleb,Jackson,M,1986-08-07,"040 Rhonda Haven, Port Tammy, ND 69643",5017164455,52974
321,Raymond,Snyder,M,1967-07-24,"1591 Jeffrey Views Apt. 215, Perezland, VA 48850",+1-004-010-4145,90668
322,Robin,Nelson,F,1975-12-12,"PSC 9712, Box 5296, APO AP 59061",+1-188-397-7457x31441,46770
323,Shelley,Keller,M,1978-05-14,"0303 Cardenas Field, Garciaborough, OR 69660",547.281.2356x79836,25136
324,Jay,Parks,F,1971-04-20,"130 Lopez Burgs, Stanleymouth, KS 16010",+1-156-326-8685,07468
325,Jacob,Williams,M,1990-05-21,"43629 Moreno Park Suite 103, East Dariuston, KY 31796",814-396-6613,96697
326,Melissa,Simpson,F,1975-12-29,"494 Clinton Parkway Suite 432, Erinburgh, MA 60167",(076)502-4120,78358
327,John,Smith,F,1981-03-13,"94388 Kari Trail, North Kevinmouth, NM 96814",(847)457-0545x897,15280
328,Joseph,Bowman,F,1974-06-03,"Unit 3257 Box 0396, DPO AA 27542",001-136-148-7824x5569,55196
329,Desiree,Lee,M,1999-09-30,"7954 Tara Parks, South Erin, LA 82263",+1-247-414-0703,37596
330,Becky,Freeman,F,1964-09-13,"42548 Stephanie Station, Douglasborough, OR 11080",307-536-6614x4942,74413
331,Shawn,Brock,F,1973-10-29,"2683 Torres Hills, Gardnerfurt, NE 13089",(875)857-5676,54274
332,Thomas,Johnson,F,1992-12-30,"439 Martinez Plains, Brianfurt, MO 88329",7870104159,13267
333,Krystal,Vaughn,M,1968-06-30,"382 Taylor Spring, West Courtney, AL 64065",+1-311-029-1813x317,03732
334,Jill,Brown,M,1972-08-23,"38497 Ryan Roads Apt. 223, New Judith, ID 62912",441.975.4661x7662,04167
335,Bryan,Price,F,1984-12-16,"52774 Tina Knolls Apt. 586, East Dianastad, VA 74313",724-461-7679x29884,17464
336,Leah,Carpenter,F,1991-10-31,"231 Victor Springs, Morrisbury, VA 31514",266-109-4101,58373
337,Lisa,Pittman,M,1976-03-14,"2983 Johnny Mill Suite 332, Cervantesborough, OR 03678",+1-130-205-6981x5287,25422
338,Laura,Wells,M,1988-04-25,"76619 David Path, Craigfort, AR 79339",+1-503-446-5124,10302
339,Dana,Holmes,M,1998-05-20,"197 Delgado Bypass, Robertborough, WV 08285",(385)037-1990,45831
340,Dr.,Linda,F,1969-11-03,"40107 Debra Meadows Suite 430, North Kimborough, PA 50228",+1-087-066-2668x21719,48697
341,Greg,Hull,F,1980-07-24,"68900 Lisa Club, East Samuelport, MD 46332",+1-342-967-1114x837,92940
342,Heather,Herman,M,1979-05-07,"8438 Flores Plains Apt. 056, Ramirezborough, DC 68788",483.152.0377,15474
343,Russell,Nelson,F,1990-07-01,"49670 Cruz Cape, East Nicolas, NE 70295",4085095493,99755
344,Nicholas,Howell,M,1993-06-13,"86487 Armstrong Port, Franciscofurt, WA 31725",(044)138-4596,05561
345,Heidi,Hopkins,M,1965-03-12,"2770 Smith Camp Suite 783, Brownland, RI 72780",172-444-7232x29031,86300
346,Michael,Valencia,F,1985-12-13,"44058 Caroline Keys, North Williamville, CA 31562",595.616.4205,80057
347,Frances,Russell,M,1989-11-08,"025 Kelly Drive Apt. 193, Williamhaven, OR 93934",(369)026-1139x898,96701
348,Nicholas,Abbott,M,2000-04-08,"887 Adams Villages Suite 353, Jerrymouth, DE 91343",765.158.8157,79828
349,Richard,Hall,M,1972-11-17,"PSC 3692, Box 9445, APO AA 15962",668-297-3270,22360
350,Dennis,Spencer,M,1996-04-30,"60212 Strong Knoll, South Heidi, VT 38956",559-991-0157,54093
351,Natalie,Graham,M,1996-10-27,"981 Paula Ramp, Emilymouth, MD 57987",(894)134-7509,68354
352,Lauren,Anthony,M,1993-05-23,"2203 Stone Ports Suite 154, North Keith, NV 29813",(449)134-2138,67177
353,Alyssa,Orr,F,1977-08-20,"3496 Meyer Village, Phillipsville, VT 16221",674.124.1513x152,66962
354,Jesse,Moss,F,1969-05-25,"61853 Stacy Road Apt. 329, Wigginsbury, ID 35272",272.742.3183x0617,73604
355,Michelle,Williams,M,1982-04-04,"578 Natalie Ville, West Elizabeth, WY 83079",(958)741-3146x7536,15681
356,Tyler,Guerrero,F,1988-01-04,"7963 Kelly Parkways, Port Kirsten, OH 42862",566-766-4047x350,40938
357,Daniel,Hutchinson,F,1978-05-22,"952 Stephanie Brooks, Davismouth, MI 72969",083-583-2863,38536
358,Susan,Rivera,F,1979-01-11,"00818 Moody Canyon, West Kevin, SC 90687",041.662.4111,66628
359,Pamela,Perry,F,1965-05-11,"96394 Coleman Summit, West Joshuaborough, KS 86490",001-764-613-6847,37780
360,Kim,Sanchez,M,1965-07-11,"Unit 6581 Box 7390, DPO AA 30924",579.145.2118x237,78280
361,Charles,Jensen,F,1996-07-30,"74645 Benjamin Spurs, Savageview, IL 99465",+1-787-535-7788,97452
362,Angela,Garcia,M,1989-12-02,"81237 Benjamin Manors, Jacksonhaven, DC 98673",+1-660-416-4485,81123
363,Kristy,Martin,M,1984-02-07,"589 Kennedy Fords, Saraberg, NC 94228",056.227.1043x3187,43890
364,Mario,Wheeler,M,1968-11-24,"0344 Silva Inlet, Claudiafurt, OH 71413",+1-319-213-4249x1289,85020
365,Erin,Ingram,M,1983-03-22,"Unit 9732 Box 0331, DPO AP 19701",(270)510-2876,87643
366,Eric,Wolf,F,1980-09-27,"7548 Schmidt Rapids Apt. 242, Castrofort, WY 33339",+1-186-520-5756x39836,49548
367,Paul,Smith,M,1994-06-09,"94515 Shaw Bridge, Arthurview, NJ 52706",4409079772,62556
368,Maria,Gardner,M,1971-06-05,"222 Robert Vista, North Scottton, CT 71815",390-552-9580x660,09014
369,Philip,Hernandez,M,1982-07-02,"49386 Cynthia Ville Apt. 448, Davidmouth, UT 11785",001-711-121-2590,22696
370,Claudia,Brooks,F,1969-11-20,"3240 Mccarthy Fall, Donaldmouth, IN 25174",324-474-1759x558,59440
371,Melissa,Jackson,M,1990-08-08,"654 Matthew Parkway, Christopherborough, IL 61801",018-272-7955x969,04937
372,Brian,Howard,F,1964-11-22,"5125 Martin Plains Apt. 079, Watkinschester, MO 62573",459.576.4038,14637
373,Raymond,Finley,M,1991-08-17,"249 Stephanie Port, East Elizabeth, AR 12349",257-627-0232x4412,31458
374,Jessica,Ramsey,F,1974-11-05,"72517 Hale Mountains Suite 731, Andersonberg, WI 43376",696-815-7903x9235,47985
375,Rodney,Bishop,F,1991-06-14,"PSC 3273, Box 0346, APO AE 45011",(262)446-7046x2268,14451
376,Bradley,Parks,M,1971-04-04,"25298 Parks Branch Suite 660, Ronaldville, NV 66307",(758)512-6861x205,93242
377,Christina,Hess,F,1995-04-26,"0177 Williams Rapid Suite 465, Katietown, KY 23927",560-754-0915x0863,23469
378,Brandon,Acosta,M,1997-12-07,"7938 Williams Islands Suite 029, South Williamland, SC 98708",660-241-6139x4498,71169
379,Dana,Lindsey,M,1989-10-27,"4248 Cassandra Falls, Josephchester, AK 54807",+1-244-795-1330x53194,95942
380,Samantha,Matthews,F,1986-09-23,"055 Reed Mills Apt. 773, Lake Peter, AZ 87100",001-178-513-8544,98917
381,Michael,Johnson,F,1975-09-14,"0487 Nicholas Plain Apt. 691, South Jefferyville, LA 23913",(686)536-9455,83112
382,Stephen,Horne,F,1985-12-24,"67747 Sandra Fall Suite 408, Kathrynburgh, CT 50747",001-666-309-3299,66477
383,Ms.,Monique,M,1981-05-13,"150 Arnold Way Apt. 275, East Thomas, ID 42801",(410)397-7397,32205
384,Valerie,Porter,M,1971-12-02,"37100 Camacho Mountains Suite 164, Lake Kimberlyside, AK 57978",046.056.8761x1249,99273
385,Miranda,Richardson,M,1987-06-25,"3415 Stephen Station, Goodwinview, LA 90835",574.949.0228x403,49109
386,Michelle,Parker,F,1975-02-16,"7422 Catherine Walks Suite 430, New Kevin, AL 34503",(886)792-5298x585,50043
387,Karina,Jackson,F,2000-02-05,"0153 Clark Drive Suite 913, Victorshire, SC 02100",001-833-506-1581x4888,10914
388,Amy,Knight,F,1981-03-25,"337 Billy Rest, Andrealand, ID 96620",284-033-3997,61353
389,Stephen,Williams,F,1969-04-29,"1731 Carmen Hills, New Russellville, NV 84731",997.046.9472,43576
390,Kayla,Bean,F,1984-09-29,"4884 Rodriguez Throughway, South Adam, NY 62171",221.641.7582x3133,40766
391,Erica,Moreno,M,1971-05-12,"252 Katie Turnpike, Port Eric, GA 43188",796.434.7452x45557,40873
392,James,Butler,M,1991-11-08,"2740 Jason Stravenue Suite 450, Ronaldfurt, OH 73897",001-339-874-1132x5797,06530
393,Jeanette,Moyer,F,1997-07-01,"10548 Kim Haven Apt. 721, Tiffanychester, FL 20216",001-493-817-3598,87099
394,Joseph,Carter,M,1965-11-04,"557 Jack Mountain, South Michael, TX 92783",490-216-6670x808,49453
395,Jeffrey,Johnson,F,1998-09-01,"749 Walters Street Apt. 918, New Erichaven, CO 75726",931.647.7251x295,60013
396,Melissa,Wilkins,F,1993-10-12,"409 Smith Fork Suite 624, New Emily, ND 60499",+1-395-923-2342x1089,05672
397,Kimberly,Blevins,F,1986-08-22,"334 Roger Groves, East Kelsey, DC 58125",607-360-7763,27453
398,Leslie,Martinez,F,1976-04-09,"31795 Perry Fords, Port Williamfort, NY 15180",006.661.5541x643,92410
399,Mason,Price,M,1996-06-06,"502 Gregory Branch Apt. 822, Farmerton, IL 97474",+1-459-626-2282x25120,65716
400,Jamie,Brooks,F,1982-05-27,"50702 Williams Lane, East Craig, IN 12575",(117)768-7290x47742,42821
401,Holly,Austin,F,1970-11-30,"38223 Julia Stravenue, Campbellville, IN 33356",(457)988-9425,55816
402,Charles,Doyle,F,1966-09-07,"032 Douglas Bypass Apt. 265, New Timothystad, SC 76155",(737)948-7148x5524,45194
403,Katherine,Dunn,F,1970-12-03,"415 May Plains Apt. 137, North Andreaport, MI 40744",681.826.8323x035,69389
404,Brittany,Heath,M,2000-02-01,"382 Moore Springs Apt. 932, Garrisonview, MO 39363",(867)752-4014x8439,78355
405,Amy,Jenkins,F,1974-02-20,"62669 John Keys, East Tabithaview, MO 16684",001-923-724-5018x4819,62250
406,Jeffrey,Short,F,1995-04-11,"0641 Simmons Extension Suite 438, North Whitneystad, TN 65320",001-660-144-4856x451,02195
407,Robert,Sanchez,F,1998-01-14,"417 Obrien Ways Suite 091, New Codybury, OR 88661",001-966-057-7980x660,28817
408,Allison,Bautista,M,1971-01-29,"74555 Joshua Tunnel Apt. 574, East Angela, OH 85473",652-715-5983x54116,41516
409,Margaret,Sherman,M,1978-02-10,"5752 Marcus Creek Apt. 948, Katherineside, MO 81565",001-131-196-4258x562,50995
410,Tyler,Olsen,M,1984-05-10,"3703 Elizabeth Harbor, South Jeffreybury, IN 58219",+1-320-430-9776x8893,54545
411,Joseph,Ross,M,1990-09-12,"6553 Fernandez Club Apt. 538, North Tina, NY 93346",851.935.8374x9079,57893
412,Jeffrey,Benton,M,1994-11-15,"7215 Stephanie Harbor, Staceytown, PA 64832",(263)748-4539x86289,41717
413,Tricia,Brown,M,1988-09-27,"186 Jessica Gateway, Port Howard, NM 96008",511-696-6672,45497
414,Eric,Thompson,F,1993-08-22,"24633 Duke Roads Apt. 571, Andrewton, AR 89985",(120)800-5640x995,09595
415,Chelsea,Oliver,F,1976-09-22,"29592 Mccarthy Trail Apt. 827, New Benjaminside, WY 16266",415-298-2173x9295,60095
416,Kimberly,Price,M,1994-11-02,"USS Morgan, FPO AA 19032",736.050.7918,12422
417,Erica,Rose,F,1999-11-09,"5273 Raymond Meadow, Grahamland, AK 64888",587-964-7408,05957
418,Brandon,Mcclain,M,1976-02-25,"004 Lopez Plain, Port Marciachester, NY 69180",(850)317-2351,94090
419,Daniel,Bowman,M,1965-06-01,"14035 Valerie Views Apt. 560, East Carol, TN 34341",(943)460-6664x37490,82622
420,Amanda,Wang,F,1973-02-15,"11271 Amanda Expressway, Stephaniefurt, ND 38045",941-163-1873x2807,63260
421,Darryl,Whitaker,F,1976-11-28,"69572 Harper Canyon, Port Jason, AZ 75054",2542573066,20567
422,Kathy,Perez,M,1977-07-31,"71398 Hawkins Divide Suite 011, Holmestown, VA 22772",001-550-213-0609x0691,29929
423,Amanda,Gardner,F,1965-09-13,"649 Cole Summit Apt. 794, Tinamouth, FL 60036",+1-532-426-4250,57089
424,Brianna,Stevens,F,1979-10-20,"Unit 2536 Box 6677, DPO AA 51414",555.628.3333x939,48134
425,Kimberly,Gallagher,F,1992-02-19,"62718 Evans Village Suite 033, Andreaburgh, MS 68330",(270)369-2492x69326,41984
426,Sean,Anderson,F,1997-06-22,"111 Alan Wall, West Melissamouth, MI 27109",001-234-159-5977x5244,13804
427,Caitlin,Gilmore,M,1975-06-19,"88743 Elizabeth Drive Suite 102, Kennedyfort, WI 03116",001-579-927-0795,45036
428,Stacey,Jones,M,1984-10-11,"35415 Smith Ramp, Freystad, KS 25669",480.752.0344x76504,98804
429,Mary,Hopkins,M,1966-06-28,"904 Gonzalez Mountains, Priceview, MS 44493",(866)525-4837x441,59466
430,Angela,Wade,M,1986-01-14,"21312 Brown Ports, Port Christopher, AL 95280",5912975191,07862
431,Christina,Reese,F,1969-11-17,"63301 Flores Pines, South Lisa, NM 79859",001-274-907-2801x234,19361
432,Laura,Lopez,F,1972-10-17,"25326 Guzman Parkways, Jefferyview, MI 96897",804.421.0175,96565
433,Perry,Jordan,M,1994-09-13,"9591 Acosta Island, Howardfort, NM 39854",001-758-339-2056x77567,61369
434,Charles,Christensen,F,1992-11-28,"USNS Kramer, FPO AA 83363",(650)622-9231,02649
435,Chris,Rogers,F,1965-10-30,"8433 Lawson Parks, Grahamburgh, TN 08333",(115)794-2387x367,02200
436,Lynn,Morgan,M,1985-06-29,"192 Peterson Landing Apt. 597, North Sergiochester, IL 43256",001-357-485-9532x593,93313
437,Cynthia,Weiss,F,1997-08-08,"8162 Miller Overpass, Morrisonview, NV 51563",001-342-507-3305x59782,36251
438,Kari,Edwards,F,1977-12-20,"914 Jill Fields, Johnfurt, UT 01931",432-400-6157x2768,21076
439,Olivia,Rodriguez,F,1982-12-21,"974 Brenda Islands, North Brianmouth, NJ 48843",(568)065-6259,05027
440,Erica,Avila,M,1967-01-13,"271 Donald Cove, Lake Jimmy, MN 47304",165-176-8086x62813,59286
441,Phillip,Melton,F,1979-10-30,"37003 Stephanie Ways, New Luis, WV 83643",+1-608-470-6810x39033,76881
442,Gregory,Miller,M,1999-01-01,"PSC 2632, Box 8094, APO AA 73411",(862)394-5354x614,59699
443,Larry,Curtis,F,1999-03-08,"10613 Kathleen Street, Marissaborough, OR 40264",(703)943-8040x325,27548
444,Dr.,Nathan,F,1975-08-08,"PSC 7894, Box 3191, APO AE 04590",+1-004-047-6921x053,85143
445,Jay,Walter,M,1969-07-14,"0142 Bryant Union, North Samantha, TX 04481",201.137.9844x0971,96371
446,Cindy,Sanders,M,1990-01-14,"7620 Diane Trail Suite 473, Andrewview, ID 31279",001-700-968-7304x519,48643
447,John,Martin,F,1989-08-15,"5629 Watson Key, Dylanfort, ND 53955",(619)425-5778x205,66869
448,Vickie,Thomas,M,1987-08-09,"236 Madeline Creek, New Daletown, OH 87616",(357)155-8686,29215
449,Nicole,Watts,M,1971-08-07,"30817 Ruth Square Suite 364, New Danielle, ID 03581",0413211471,55802
450,Mary,Smith,F,1984-10-13,"46997 Erin Bypass Suite 550, Jackiefurt, ND 13346",(995)706-0717x48113,95433
451,Lynn,Davis,M,1990-03-16,"705 Tran Squares, Robinsonchester, AL 90131",(908)718-2749,51380
452,Kimberly,Ramsey,F,1981-08-02,"74204 Simmons Spur Apt. 137, Wrightfurt, WA 86205",(604)235-9737,92353
453,Audrey,Martin,M,1973-05-03,"7560 Reid Coves, Wellsview, OH 92519",(111)457-6832x10219,24984
454,Jill,Barajas,F,1989-10-04,"29618 Jesse Drive Suite 260, Briantown, NC 87783",980-425-3733x777,28566
455,James,Schultz,F,1969-03-07,"217 Ashlee Gateway, Francostad, KS 53767",6056035679,29955
456,Bethany,Mendez,F,1999-01-11,"98471 Greene Mall, New Christopherberg, SD 05737",(464)754-8954x787,51107
457,Sara,Lawrence,M,1973-09-11,"758 John Grove, Nancyhaven, MD 42989",935.435.8644,78850
458,Matthew,Tate,M,1973-10-31,"58853 Perkins Extensions Apt. 433, Isaacfort, IA 51832",497.852.4914x1686,00929
459,Robert,Scott,M,1998-01-16,"963 Williams Meadow Suite 917, Hughesville, HI 16611",(001)418-8421x630,87047
460,Alexandra,Morgan,M,1983-03-21,"39994 Randall Drive, New Breannabury, MS 27127",+1-902-199-4711,32770
461,Connie,Stevens,F,1975-08-18,"1034 Riley Rapid, Griffinbury, CO 54048",001-772-696-0843x768,45365
462,Jonathan,Gilbert,F,1994-06-12,"19626 Jeffery Knoll Suite 434, South Caroline, AK 90480",001-317-069-5560,64851
463,Jeremy,Coleman,F,1994-02-12,"5472 Jeffrey Prairie, Port Barry, MN 06789",001-312-198-0418x47242,57634
464,Thomas,Perez,M,1985-07-23,"19092 Kelley Manors, East Andre, PA 93893",114-281-7852,20518
465,Chelsea,Buchanan,M,1986-07-03,"088 Phillip Expressway Apt. 722, Port Chelsea, OK 37106",372.132.9016x204,60895
466,Katherine,Webster,M,1991-11-03,"859 Walton Pine Suite 287, Port Benjamin, PA 48670",196-664-5057x3036,84184
467,Joanna,Garza,M,1973-11-14,"3203 King Locks Suite 753, Andersonton, FL 84390",450-576-6194,47001
468,Kristen,Williams,F,1996-12-25,"48201 Julie Points Suite 008, Lake Adriana, NV 53377",975-954-5089x17768,05240
469,Kimberly,Curry,F,1998-10-14,"5742 Kathleen Flat, New Patrickfurt, AZ 06269",023-693-6268x9430,09181
470,Andrew,Acosta,M,1968-11-07,"711 Cain Junctions, Melissaview, OH 72318",001-558-298-4933x0674,43512
471,Elizabeth,Kaufman,F,1991-11-24,"1283 Nicole Gateway Suite 218, Robertfurt, OK 43913",132-971-5066x6267,04511
472,Jacob,Parker,F,1997-06-18,"9366 Justin Ridge Apt. 529, Brittneyland, CO 11289",001-028-671-2007x2024,48573
473,Tamara,Graves,F,1970-04-24,"1091 Christina View Apt. 267, West Brittneyhaven, RI 37783",(179)428-1793,90813
474,James,Morgan,M,1975-06-08,"8446 Roman Freeway Suite 533, Hernandezberg, CO 08201",001-121-722-1455,76427
475,John,Ortiz,F,1984-12-10,"USNS Huang, FPO AP 04935",(263)510-0462x776,93449
476,Joanna,Cabrera,M,1993-02-04,"24617 Hernandez Dam, New Cassandra, ID 94975",(600)559-5501,63782
477,Tracy,Harris,M,1974-05-31,"689 Ryan Street Apt. 798, Ambermouth, LA 44096",6917679935,77950
478,Dennis,Snow,M,1966-12-28,"4083 Jeffrey View Suite 360, Williamsland, KY 70658",+1-608-490-7938,87177
479,Penny,Wyatt,F,1990-10-30,"83061 Lucas Neck Apt. 124, Lake Kelly, MT 21716",(325)144-8811x21031,99912
480,Traci,Wilson,F,1995-01-24,"179 Floyd Knolls Apt. 526, New Sierra, AK 81810",001-112-252-8837x50566,14076
481,Patty,Powell,F,1975-10-03,"137 Hughes Row Suite 300, Lopezshire, AK 87608",(560)571-2198x819,18296
482,Juan,Arnold,M,1987-07-17,"534 Carter Walks, North Sheilaberg, KS 50253",(456)185-1744,53830
483,William,Murphy,M,1970-09-09,"1145 Beasley Falls, New Lauren, AR 36744",881-898-4841x6046,12686
484,Debra,Williams,F,1969-01-12,"70756 Joseph Ramp, North Matthew, SD 75082",001-107-322-8360x849,96164
485,Chelsea,Kelley,F,1968-05-24,"84526 Bartlett Heights Suite 391, Scottfort, DE 53656",001-342-929-1320,30759
486,Dr.,Monique,F,1979-03-14,"031 Robert Junctions, South Drew, SD 16654",(566)847-3236x533,64714
487,Donald,Williams,F,1995-11-26,"784 Robert Heights, West Joshua, WI 02305",819.754.3734x7642,63461
488,Taylor,Smith,M,1980-04-22,"88214 Boyd Spurs Apt. 484, Smithshire, CT 32118",438-998-2780x2058,55515
489,April,Lee,F,1971-09-26,"4936 Davis Mountains Apt. 350, Michaelbury, MA 65139",680.119.2360,27365
490,Joseph,Rodgers,F,1971-05-04,"233 Nathan Camp Suite 096, West Dawnmouth, IL 12753",391-149-8307x48207,28859
491,Stacy,Garcia,F,1998-08-19,"65578 Anthony Court Apt. 432, East Joan, HI 26172",324.707.3920,15951
492,Misty,Richardson,M,1984-09-28,"12760 Nicholas Place Apt. 611, East Charles, CT 57467",248.889.9572,78393
493,Latoya,Mckay,M,1993-04-08,"5493 James Hill Suite 871, Port Heatherton, WA 92286",+1-187-692-0828,30883
494,Cynthia,Williams,M,1969-05-27,"8814 Rivera Dale, North Ronald, IL 18813",182.971.6815,60911
495,Donald,Boone,M,1966-05-24,"00152 Christopher Field, Bentonville, WY 71152",+1-509-025-5618x4442,11647
496,Brittany,Barnett,F,1996-10-19,"24890 Gray Canyon, Mcdonaldton, AR 00867",+1-436-551-5848x26691,31408
497,Robert,Hunt,F,1986-03-30,"4296 Angela Canyon, Brownborough, MT 79419",+1-879-509-8221x040,16545
498,Dawn,Rice,M,1964-09-10,"287 Gilmore Gateway Apt. 638, South Josephberg, CA 19047",001-694-289-4642x036,99654
499,Isabella,Hardy,M,2000-04-22,"4170 Carter Roads, Moorestad, LA 06047",(635)582-4301,62082
500,Jason,Ramirez,F,1984-02-17,"15388 Maria Harbor, Jessicaberg, RI 91883",5040433335,25972
